9000000000,shrestha
9000000001,shrestha
9000000002,shrestha
9000000003,shrestha
9000000004,shrestha
9000000005,shrestha
9000000006,shrestha
9000000007,shrestha
9000000008,shrestha
9000000009,shrestha
9000000010,shrestha
9000000011,shrestha
9000000012,shrestha
9000000013,shrestha
9000000014,shrestha
9000000015,shrestha
9000000016,shrestha
9000000017,shrestha
9000000018,shrestha
9000000019,shrestha
9000000020,shrestha
9000000021,shrestha
9000000022,shrestha
9000000023,shrestha
9000000024,shrestha
9000000025,shrestha
9000000026,shrestha
9000000027,shrestha
9000000028,shrestha
9000000029,shrestha
